epoch,step,train_loss,train_bleu,val_loss,val_bleu,test_loss,test_bleu,learning_rate
1,71,5.706830508272413,0.07331764516157299,4.882024765014648,0.0742256798624886,4.957613641565496,0.07183171138723123,0.0
2,142,4.899172279196725,0.07607613522818908,4.897655963897705,0.07566844872341628,4.969883355227384,0.07563547565770092,0.002347417840375587
3,213,5.102521862782223,0.06028587580312984,5.7377705574035645,0.059168481856760165,5.8247577060352675,0.06002138469143481,0.004694835680751174
4,284,5.681287315529837,0.06293870335612346,5.655703067779541,0.06246000882279355,5.747890342365611,0.061809886084707416,0.005
5,355,5.652098575108488,0.06297444058321942,5.610333442687988,0.06246000882279355,5.6981307376514785,0.061809886084707416,0.004974638125344056
6,426,5.513090778404559,0.030949373109286516,7.403557777404785,0.03090570719916326,7.49976600300182,0.030792733809617792,0.00488354442411565
